id,name,tile,cloud_cover,s3path,quantity
21db2d32-c467-4e9a-8a5c-414c76fbcf1d,S2A_MSIL1C_20160829T105032_N0500_R051_T31UET_20231030T213509.SAFE,T31UET,24.5655588402162,/eodata/Sentinel-2/MSI/L1C_N0500/2016/08/29/S2A_MSIL1C_20160829T105032_N0500_R051_T31UET_20231030T213509.SAFE,chlorophyll_a
8359da71-bf95-48cd-b4c6-c36dce904e59,S2A_MSIL1C_20170516T105031_N0500_R051_T31UES_20231113T052002.SAFE,T31UES,43.1818806175162,/eodata/Sentinel-2/MSI/L1C_N0500/2017/05/16/S2A_MSIL1C_20170516T105031_N0500_R051_T31UES_20231113T052002.SAFE,chlorophyll_a
7a4f7ba5-7964-4b5e-a3b9-4cc32cf15d51,S2A_MSIL1C_20180723T105621_N0500_R094_T31UES_20230804T115123.SAFE,T31UES,0.302442695068303,/eodata/Sentinel-2/MSI/L1C_N0500/2018/07/23/S2A_MSIL1C_20180723T105621_N0500_R094_T31UES_20230804T115123.SAFE,chlorophyll_a
148b6d34-b296-416c-bc1a-aadac89d9663,S2A_MSIL1C_20180723T105621_N0500_R094_T31UET_20230804T115123.SAFE,T31UET,0.981173417036533,/eodata/Sentinel-2/MSI/L1C_N0500/2018/07/23/S2A_MSIL1C_20180723T105621_N0500_R094_T31UET_20230804T115123.SAFE,chlorophyll_a
688cedff-d41b-45cd-9d8f-2b47e957a54a,S2A_MSIL1C_20181018T105031_N0500_R051_T31UES_20230818T191444.SAFE,T31UES,50.2055898951895,/eodata/Sentinel-2/MSI/L1C_N0500/2018/10/18/S2A_MSIL1C_20181018T105031_N0500_R051_T31UES_20230818T191444.SAFE,chlorophyll_a
ad809de0-4121-4294-8368-ded7129b39bb,S2A_MSIL1C_20181018T105031_N0500_R051_T31UET_20230818T191444.SAFE,T31UET,28.6993938308101,/eodata/Sentinel-2/MSI/L1C_N0500/2018/10/18/S2A_MSIL1C_20181018T105031_N0500_R051_T31UET_20230818T191444.SAFE,chlorophyll_a
6bacf59b-2121-4b0e-a4b6-e89c6ad7fa76,S2A_MSIL1C_20190225T105021_N0500_R051_T31UET_20221126T021347.SAFE,T31UET,0.0436859864433097,/eodata/Sentinel-2/MSI/L1C_N0500/2019/02/25/S2A_MSIL1C_20190225T105021_N0500_R051_T31UET_20221126T021347.SAFE,chlorophyll_a
1b360ab2-2809-492d-8124-9c4175f446b9,S2A_MSIL1C_20190725T105031_N0500_R051_T31UES_20221218T173008.SAFE,T31UES,7.74979498342266,/eodata/Sentinel-2/MSI/L1C_N0500/2019/07/25/S2A_MSIL1C_20190725T105031_N0500_R051_T31UES_20221218T173008.SAFE,chlorophyll_a
579d1e6e-ebef-4c9a-8b87-fff751839516,S2A_MSIL1C_20190725T105031_N0500_R051_T31UET_20221218T173008.SAFE,T31UET,1.18880826540058,/eodata/Sentinel-2/MSI/L1C_N0500/2019/07/25/S2A_MSIL1C_20190725T105031_N0500_R051_T31UET_20221218T173008.SAFE,chlorophyll_a
0442e038-5e6b-4aae-a55a-3d12bff87363,S2A_MSIL1C_20191112T105301_N0500_R051_T31UES_20230610T210146.SAFE,T31UES,21.7038131923915,/eodata/Sentinel-2/MSI/L1C_N0500/2019/11/12/S2A_MSIL1C_20191112T105301_N0500_R051_T31UES_20230610T210146.SAFE,chlorophyll_a
122ae83b-5f23-47d2-a136-63e96cea334c,S2A_MSIL1C_20200420T105031_N0500_R051_T31UET_20230523T142945.SAFE,T31UET,0.0,/eodata/Sentinel-2/MSI/L1C_N0500/2020/04/20/S2A_MSIL1C_20200420T105031_N0500_R051_T31UET_20230523T142945.SAFE,chlorophyll_a
31f0cc88-28b2-4118-9fb8-be4810b27b63,S2A_MSIL1C_20200831T105621_N0500_R094_T31UET_20230413T064753.SAFE,T31UET,43.1539032121499,/eodata/Sentinel-2/MSI/L1C_N0500/2020/08/31/S2A_MSIL1C_20200831T105621_N0500_R094_T31UET_20230413T064753.SAFE,chlorophyll_a
93f5208a-7285-44e4-825d-76a5ea584f17,S2A_MSIL1C_20200917T105031_N0500_R051_T31UES_20230417T063823.SAFE,T31UES,0.09647944101048109,/eodata/Sentinel-2/MSI/L1C_N0500/2020/09/17/S2A_MSIL1C_20200917T105031_N0500_R051_T31UES_20230417T063823.SAFE,chlorophyll_a
7870c282-8ba1-4f3e-afb7-3c9391f2a7c0,S2A_MSIL1C_20210125T105331_N0500_R051_T31UET_20230528T204208.SAFE,T31UET,11.540864164352502,/eodata/Sentinel-2/MSI/L1C_N0500/2021/01/25/S2A_MSIL1C_20210125T105331_N0500_R051_T31UET_20230528T204208.SAFE,chlorophyll_a
91cdb9b5-477b-451b-ab4c-565edcc1e13c,S2A_MSIL1C_20220103T110441_N0510_R094_T31UET_20240423T041619.SAFE,T31UET,27.3365297265006,/eodata/Sentinel-2/MSI/L1C_N0500/2022/01/03/S2A_MSIL1C_20220103T110441_N0510_R094_T31UET_20240423T041619.SAFE,chlorophyll_a
f4d35771-d433-4782-b92a-d09b862d013d,S2A_MSIL1C_20220321T104731_N0510_R051_T31UET_20240530T011705.SAFE,T31UET,0.10164531637254,/eodata/Sentinel-2/MSI/L1C_N0500/2022/03/21/S2A_MSIL1C_20220321T104731_N0510_R051_T31UET_20240530T011705.SAFE,chlorophyll_a
6ba6c36b-d31e-4be1-9485-74592a075d54,S2A_MSIL1C_20220719T105041_N0510_R051_T31UES_20240705T083309.SAFE,T31UES,0.0,/eodata/Sentinel-2/MSI/L1C_N0500/2022/07/19/S2A_MSIL1C_20220719T105041_N0510_R051_T31UES_20240705T083309.SAFE,chlorophyll_a
5f318d77-f319-475b-9207-5cf1e763620f,S2A_MSIL1C_20220719T105041_N0510_R051_T31UET_20240705T083309.SAFE,T31UET,0.0,/eodata/Sentinel-2/MSI/L1C_N0500/2022/07/19/S2A_MSIL1C_20220719T105041_N0510_R051_T31UET_20240705T083309.SAFE,chlorophyll_a
1f4943c3-71eb-4e5f-8ef3-f6cd7cb1f803,S2A_MSIL1C_20220920T105741_N0510_R094_T31UET_20240729T061951.SAFE,T31UET,43.577569264526,/eodata/Sentinel-2/MSI/L1C_N0500/2022/09/20/S2A_MSIL1C_20220920T105741_N0510_R094_T31UET_20240729T061951.SAFE,chlorophyll_a
2032f590-6b16-4947-b49c-7854a8eca6b2,S2A_MSIL1C_20220927T104821_N0510_R051_T31UES_20240726T140625.SAFE,T31UES,48.7981426737138,/eodata/Sentinel-2/MSI/L1C_N0500/2022/09/27/S2A_MSIL1C_20220927T104821_N0510_R051_T31UES_20240726T140625.SAFE,chlorophyll_a
56a60693-e428-4ffd-9a09-433e40a873e0,S2A_MSIL1C_20230925T105801_N0510_R094_T31UET_20241027T023353.SAFE,T31UET,59.4343243587428,/eodata/Sentinel-2/MSI/L1C_N0500/2023/09/25/S2A_MSIL1C_20230925T105801_N0510_R094_T31UET_20241027T023353.SAFE,chlorophyll_a
a033c7c8-dcb9-4483-ac21-a96d4e5ef3b0,S2A_MSIL1C_20240422T105621_N0510_R094_T31UET_20240422T143855.SAFE,T31UET,56.16845702775,/eodata/Sentinel-2/MSI/L1C/2024/04/22/S2A_MSIL1C_20240422T105621_N0510_R094_T31UET_20240422T143855.SAFE,chlorophyll_a
bc788546-f719-4af5-96fd-0efd3278254e,S2A_MSIL1C_20240429T105031_N0510_R051_T31UET_20240429T125150.SAFE,T31UET,6.699662575771,/eodata/Sentinel-2/MSI/L1C/2024/04/29/S2A_MSIL1C_20240429T105031_N0510_R051_T31UET_20240429T125150.SAFE,chlorophyll_a
efe8e679-47b9-4ac3-b3dd-6951bf19d751,S2A_MSIL1C_20240807T105031_N0511_R051_T31UET_20240807T143333.SAFE,T31UET,7.130669772164,/eodata/Sentinel-2/MSI/L1C/2024/08/07/S2A_MSIL1C_20240807T105031_N0511_R051_T31UET_20240807T143333.SAFE,chlorophyll_a
d64eee9e-f437-4dee-8504-e686cb339439,S2A_MSIL1C_20251006T105941_N0511_R094_T31UET_20251006T143621.SAFE,T31UET,59.035425984546,/eodata/Sentinel-2/MSI/L1C/2025/10/06/S2A_MSIL1C_20251006T105941_N0511_R094_T31UET_20251006T143621.SAFE,chlorophyll_a
9e0bb71f-fbde-4f6a-8f8d-c83b0ed2b36a,S2B_MSIL1C_20170720T105029_N0500_R051_T31UET_20230911T110759.SAFE,T31UET,35.1490214228202,/eodata/Sentinel-2/MSI/L1C_N0500/2017/07/20/S2B_MSIL1C_20170720T105029_N0500_R051_T31UET_20230911T110759.SAFE,chlorophyll_a
92bd3bc1-96e5-474a-b0ab-b0aa44215c5a,S2B_MSIL1C_20170720T105029_N0500_R051_T31UET_20231006T104613.SAFE,T31UET,45.0119000793339,/eodata/Sentinel-2/MSI/L1C_N0500/2017/07/20/S2B_MSIL1C_20170720T105029_N0500_R051_T31UET_20231006T104613.SAFE,chlorophyll_a
ffd9250d-d322-4a18-b77e-66049a705d86,S2B_MSIL1C_20170829T105019_N0500_R051_T31UET_20231015T210037.SAFE,T31UET,25.118443816366703,/eodata/Sentinel-2/MSI/L1C_N0500/2017/08/29/S2B_MSIL1C_20170829T105019_N0500_R051_T31UET_20231015T210037.SAFE,chlorophyll_a
437901fc-d56d-4905-8040-e9a9022cd5e0,S2B_MSIL1C_20171018T105029_N0500_R051_T31UES_20230909T173530.SAFE,T31UES,40.3296903460838,/eodata/Sentinel-2/MSI/L1C_N0500/2017/10/18/S2B_MSIL1C_20171018T105029_N0500_R051_T31UES_20230909T173530.SAFE,chlorophyll_a
0c4e49e3-8da2-4195-8106-a952ef224fef,S2B_MSIL1C_20171107T105229_N0500_R051_T31UET_20230807T115827.SAFE,T31UET,0.05207680133775269,/eodata/Sentinel-2/MSI/L1C_N0500/2017/11/07/S2B_MSIL1C_20171107T105229_N0500_R051_T31UET_20230807T115827.SAFE,chlorophyll_a
f15da60a-e3c2-4c30-b173-dffa02abc57b,S2B_MSIL1C_20180205T105229_N0500_R051_T31UES_20230913T060609.SAFE,T31UES,4.12505598853355,/eodata/Sentinel-2/MSI/L1C_N0500/2018/02/05/S2B_MSIL1C_20180205T105229_N0500_R051_T31UES_20230913T060609.SAFE,chlorophyll_a
debb682b-7fbf-4934-89a2-69bc9eb9e2f9,S2B_MSIL1C_20180416T105029_N0500_R051_T31UES_20230909T194521.SAFE,T31UES,46.6743706888829,/eodata/Sentinel-2/MSI/L1C_N0500/2018/04/16/S2B_MSIL1C_20180416T105029_N0500_R051_T31UES_20230909T194521.SAFE,chlorophyll_a
7729e402-8778-4e13-ad98-5a8c0a9804d6,S2B_MSIL1C_20180416T105029_N0500_R051_T31UET_20230909T194521.SAFE,T31UET,19.6039595090925,/eodata/Sentinel-2/MSI/L1C_N0500/2018/04/16/S2B_MSIL1C_20180416T105029_N0500_R051_T31UET_20230909T194521.SAFE,chlorophyll_a
e28454f7-6a99-4728-9781-ecd8cce6fd34,S2B_MSIL1C_20190305T110029_N0500_R094_T31UES_20221123T102555.SAFE,T31UES,23.6539714438642,/eodata/Sentinel-2/MSI/L1C_N0500/2019/03/05/S2B_MSIL1C_20190305T110029_N0500_R094_T31UES_20221123T102555.SAFE,secchi_depth
02c6c6c8-d9c8-44ce-9248-2853eb7d675f,S2B_MSIL1C_20190305T110029_N0500_R094_T31UET_20221123T102555.SAFE,T31UET,2.95756585743859,/eodata/Sentinel-2/MSI/L1C_N0500/2019/03/05/S2B_MSIL1C_20190305T110029_N0500_R094_T31UET_20221123T102555.SAFE,secchi_depth
dea45a09-7a71-4294-b56f-3c765937d21a,S2B_MSIL1C_20190401T105029_N0500_R051_T31UES_20221102T185419.SAFE,T31UES,3.17092179521634,/eodata/Sentinel-2/MSI/L1C_N0500/2019/04/01/S2B_MSIL1C_20190401T105029_N0500_R051_T31UES_20221102T185419.SAFE,chlorophyll_a
e5fe8dc2-aa29-48ba-bb32-b7e6f4ec52bb,S2B_MSIL1C_20190401T105029_N0500_R051_T31UET_20221102T185419.SAFE,T31UET,0.0,/eodata/Sentinel-2/MSI/L1C_N0500/2019/04/01/S2B_MSIL1C_20190401T105029_N0500_R051_T31UET_20221102T185419.SAFE,chlorophyll_a
767262a3-cff1-4673-beb6-1d3bb210b955,S2B_MSIL1C_20190424T105629_N0500_R094_T31UET_20221030T063210.SAFE,T31UET,4.23685512994454,/eodata/Sentinel-2/MSI/L1C_N0500/2019/04/24/S2B_MSIL1C_20190424T105629_N0500_R094_T31UET_20221030T063210.SAFE,secchi_depth
509bedc6-e93c-4df6-907b-3fda598d642a,S2B_MSIL1C_20190514T105629_N0500_R094_T31UES_20221204T115303.SAFE,T31UES,0.0,/eodata/Sentinel-2/MSI/L1C_N0500/2019/05/14/S2B_MSIL1C_20190514T105629_N0500_R094_T31UES_20221204T115303.SAFE,secchi_depth
2137d59a-08b3-4f42-a0e3-e3977174b55c,S2B_MSIL1C_20190514T105629_N0500_R094_T31UET_20221204T115303.SAFE,T31UET,0.0613843461898941,/eodata/Sentinel-2/MSI/L1C_N0500/2019/05/14/S2B_MSIL1C_20190514T105629_N0500_R094_T31UET_20221204T115303.SAFE,secchi_depth
a21279fe-3fa9-4e92-8cab-41b2d6b33ffd,S2B_MSIL1C_20191230T110349_N0500_R094_T31UET_20230607T120648.SAFE,T31UET,0.0,/eodata/Sentinel-2/MSI/L1C_N0500/2019/12/30/S2B_MSIL1C_20191230T110349_N0500_R094_T31UET_20230607T120648.SAFE,chlorophyll_a
749a9d09-3553-4bcd-a1a3-f3215fa0d297,S2B_MSIL1C_20200106T105339_N0500_R051_T31UES_20230421T103014.SAFE,T31UES,9.44754994177192,/eodata/Sentinel-2/MSI/L1C_N0500/2020/01/06/S2B_MSIL1C_20200106T105339_N0500_R051_T31UES_20230421T103014.SAFE,chlorophyll_a
b1c34385-d98f-492f-ab6d-3f536f1425a7,S2B_MSIL1C_20200106T105339_N0500_R051_T31UET_20230421T103014.SAFE,T31UET,31.377646391352403,/eodata/Sentinel-2/MSI/L1C_N0500/2020/01/06/S2B_MSIL1C_20200106T105339_N0500_R051_T31UET_20230421T103014.SAFE,chlorophyll_a
a3632eff-33ca-4af2-8db1-4c8e2b95ae17,S2B_MSIL1C_20200205T105129_N0500_R051_T31UES_20230627T054547.SAFE,T31UES,46.7560094359342,/eodata/Sentinel-2/MSI/L1C_N0500/2020/02/05/S2B_MSIL1C_20200205T105129_N0500_R051_T31UES_20230627T054547.SAFE,chlorophyll_a
6f989e94-7b83-4a03-b45d-9a605577c2fc,S2B_MSIL1C_20200205T105129_N0500_R051_T31UET_20230627T054547.SAFE,T31UET,21.5714068810055,/eodata/Sentinel-2/MSI/L1C_N0500/2020/02/05/S2B_MSIL1C_20200205T105129_N0500_R051_T31UET_20230627T054547.SAFE,chlorophyll_a
1b08ed34-adae-4178-870f-42237fa2d86c,S2B_MSIL1C_20200518T105619_N0500_R094_T31UET_20230619T084602.SAFE,T31UET,14.223377547104,/eodata/Sentinel-2/MSI/L1C_N0500/2020/05/18/S2B_MSIL1C_20200518T105619_N0500_R094_T31UET_20230619T084602.SAFE,chlorophyll_a
330aa969-e771-4f04-9110-b1b856c89e7d,S2B_MSIL1C_20200624T104629_N0500_R051_T31UES_20230506T233231.SAFE,T31UES,13.9209591209054,/eodata/Sentinel-2/MSI/L1C_N0500/2020/06/24/S2B_MSIL1C_20200624T104629_N0500_R051_T31UES_20230506T233231.SAFE,chlorophyll_a
f3926268-d52b-4236-9d4c-b298be794993,S2B_MSIL1C_20210510T104619_N0500_R051_T31UES_20230227T093252.SAFE,T31UES,52.9703186120816,/eodata/Sentinel-2/MSI/L1C_N0500/2021/05/10/S2B_MSIL1C_20210510T104619_N0500_R051_T31UES_20230227T093252.SAFE,chlorophyll_a
f31579dc-519a-4186-80c1-e057da78cf6c,S2B_MSIL1C_20210510T104619_N0500_R051_T31UET_20230227T093252.SAFE,T31UET,29.785631102750205,/eodata/Sentinel-2/MSI/L1C_N0500/2021/05/10/S2B_MSIL1C_20210510T104619_N0500_R051_T31UET_20230227T093252.SAFE,chlorophyll_a
1fb1e212-237f-45c1-a198-384b53ed47f6,S2B_MSIL1C_20210719T104619_N0500_R051_T31UES_20230213T203659.SAFE,T31UES,8.16235181701454,/eodata/Sentinel-2/MSI/L1C_N0500/2021/07/19/S2B_MSIL1C_20210719T104619_N0500_R051_T31UES_20230213T203659.SAFE,chlorophyll_a
450c782d-5e7e-4207-8b3e-5a39a703de3d,S2B_MSIL1C_20210719T104619_N0500_R051_T31UET_20230213T203659.SAFE,T31UET,25.3985487772104,/eodata/Sentinel-2/MSI/L1C_N0500/2021/07/19/S2B_MSIL1C_20210719T104619_N0500_R051_T31UET_20230213T203659.SAFE,chlorophyll_a
6558db1d-6cf3-49c5-a458-2b0271115086,S2B_MSIL1C_20210907T104619_N0500_R051_T31UET_20230116T193821.SAFE,T31UET,7.372570097644,/eodata/Sentinel-2/MSI/L1C_N0500/2021/09/07/S2B_MSIL1C_20210907T104619_N0500_R051_T31UET_20230116T193821.SAFE,chlorophyll_a
12fb3dc6-6c92-5a32-afac-24c9bb84caeb,S2B_MSIL1C_20211129T110319_N0500_R094_T31UET_20230106T125658.SAFE,T31UET,18.7692646069566,/eodata/Sentinel-2/MSI/L1C_N0500/2021/11/29/S2B_MSIL1C_20211129T110319_N0500_R094_T31UET_20230106T125658.SAFE,chlorophyll_a
83950f63-9308-4d5c-9bae-c66b8f49d19d,S2B_MSIL1C_20230123T110249_N0510_R094_T31UET_20240812T124613.SAFE,T31UET,54.4895424083889,/eodata/Sentinel-2/MSI/L1C_N0500/2023/01/23/S2B_MSIL1C_20230123T110249_N0510_R094_T31UET_20240812T124613.SAFE,chlorophyll_a
8748303e-d84a-4da1-ae3b-37862c84e36c,S2B_MSIL1C_20230130T105209_N0510_R051_T31UES_20240811T012732.SAFE,T31UES,5.03905760100331,/eodata/Sentinel-2/MSI/L1C_N0500/2023/01/30/S2B_MSIL1C_20230130T105209_N0510_R051_T31UES_20240811T012732.SAFE,chlorophyll_a
39c8d32e-4a4b-4bcd-8f51-54a23c7279cd,S2B_MSIL1C_20230130T105209_N0510_R051_T31UET_20240811T012732.SAFE,T31UET,12.5451342231778,/eodata/Sentinel-2/MSI/L1C_N0500/2023/01/30/S2B_MSIL1C_20230130T105209_N0510_R051_T31UET_20240811T012732.SAFE,chlorophyll_a
f4ab90d3-f040-41b9-8fb2-aaf7153c242b,S2B_MSIL1C_20230619T104629_N0510_R051_T31UES_20240926T185844.SAFE,T31UES,56.8954283496073,/eodata/Sentinel-2/MSI/L1C_N0500/2023/06/19/S2B_MSIL1C_20230619T104629_N0510_R051_T31UES_20240926T185844.SAFE,chlorophyll_a
5c8be57a-21ea-4b14-92c1-71faa63c25f1,S2B_MSIL1C_20230821T105629_N0510_R094_T31UET_20241024T073200.SAFE,T31UET,0.253435242480098,/eodata/Sentinel-2/MSI/L1C_N0500/2023/08/21/S2B_MSIL1C_20230821T105629_N0510_R094_T31UET_20241024T073200.SAFE,chlorophyll_a
c3450310-c944-4398-930c-630406d076a9,S2B_MSIL1C_20240325T104639_N0510_R051_T31UES_20240325T131417.SAFE,T31UES,12.029920272328,/eodata/Sentinel-2/MSI/L1C/2024/03/25/S2B_MSIL1C_20240325T104639_N0510_R051_T31UES_20240325T131417.SAFE,chlorophyll_a
81c3c0d0-f52f-44ff-b1ef-ca4a10cd9ea5,S2B_MSIL1C_20240325T104639_N0510_R051_T31UET_20240325T131417.SAFE,T31UET,12.553853504136,/eodata/Sentinel-2/MSI/L1C/2024/03/25/S2B_MSIL1C_20240325T104639_N0510_R051_T31UET_20240325T131417.SAFE,chlorophyll_a
0acdcaeb-bf2b-4eb8-bd5d-a1ae459d7cc6,S2B_MSIL1C_20240805T105619_N0511_R094_T31UET_20240805T133904.SAFE,T31UET,2.505899778183,/eodata/Sentinel-2/MSI/L1C/2024/08/05/S2B_MSIL1C_20240805T105619_N0511_R094_T31UET_20240805T133904.SAFE,secchi_depth
68d445a9-42b8-48ce-8466-c54561801c0d,S2B_MSIL1C_20250109T105329_N0511_R051_T31UES_20250109T124435.SAFE,T31UES,34.889456239362,/eodata/Sentinel-2/MSI/L1C/2025/01/09/S2B_MSIL1C_20250109T105329_N0511_R051_T31UES_20250109T124435.SAFE,chlorophyll_a
6dce18f0-ab7e-4a45-aecc-ab6b4aa47398,S2B_MSIL1C_20250109T105329_N0511_R051_T31UET_20250109T124435.SAFE,T31UET,52.016632327033,/eodata/Sentinel-2/MSI/L1C/2025/01/09/S2B_MSIL1C_20250109T105329_N0511_R051_T31UET_20250109T124435.SAFE,chlorophyll_a
5d2105ce-b66b-4bdb-89e6-531286b9e338,S2B_MSIL1C_20260414T104619_N0512_R051_T31UET_20260414T130213.SAFE,T31UET,4.045029711248,/eodata/Sentinel-2/MSI/L1C/2026/04/14/S2B_MSIL1C_20260414T104619_N0512_R051_T31UET_20260414T130213.SAFE,chlorophyll_a
07587349-64a7-46f9-974f-6a91919f4480,S2B_MSIL1C_20260527T105619_N0512_R094_T31UET_20260527T131046.SAFE,T31UET,8.295657029234,/eodata/Sentinel-2/MSI/L1C/2026/05/27/S2B_MSIL1C_20260527T105619_N0512_R094_T31UET_20260527T131046.SAFE,secchi_depth
078e1dc4-bb9e-4d76-b624-f3a8ed54f2b6,S2C_MSIL1C_20250127T110351_N0511_R094_T31UES_20250127T125928.SAFE,T31UES,6.588267143381,/eodata/Sentinel-2/MSI/L1C/2025/01/27/S2C_MSIL1C_20250127T110351_N0511_R094_T31UES_20250127T125928.SAFE,secchi_depth
d13d508a-1314-4b56-b975-687c0fa7a827,S2C_MSIL1C_20250127T110351_N0511_R094_T31UET_20250127T125928.SAFE,T31UET,41.810766092658,/eodata/Sentinel-2/MSI/L1C/2025/01/27/S2C_MSIL1C_20250127T110351_N0511_R094_T31UET_20250127T125928.SAFE,secchi_depth
0331ebd9-06b0-4046-b4e2-4e1230d87518,S2C_MSIL1C_20250325T104721_N0511_R051_T31UES_20250325T143007.SAFE,T31UES,38.679536564245,/eodata/Sentinel-2/MSI/L1C/2025/03/25/S2C_MSIL1C_20250325T104721_N0511_R051_T31UES_20250325T143007.SAFE,chlorophyll_a
81e66931-d447-4efb-abe9-a570d8d3b515,S2C_MSIL1C_20250325T104721_N0511_R051_T31UET_20250325T143007.SAFE,T31UET,41.877123831706,/eodata/Sentinel-2/MSI/L1C/2025/03/25/S2C_MSIL1C_20250325T104721_N0511_R051_T31UET_20250325T143007.SAFE,chlorophyll_a
b41b64e8-dc8c-4cf1-868c-3ce80b1bbd4e,S2C_MSIL1C_20251203T110441_N0511_R094_T31UES_20251203T125919.SAFE,T31UES,3.03513382532,/eodata/Sentinel-2/MSI/L1C/2025/12/03/S2C_MSIL1C_20251203T110441_N0511_R094_T31UES_20251203T125919.SAFE,chlorophyll_a
9c2b9668-104e-4a13-aa32-935267f04010,S2C_MSIL1C_20251203T110441_N0511_R094_T31UET_20251203T125919.SAFE,T31UET,2.474165637928,/eodata/Sentinel-2/MSI/L1C/2025/12/03/S2C_MSIL1C_20251203T110441_N0511_R094_T31UET_20251203T125919.SAFE,chlorophyll_a
